{
	"version": "0.3.18", 
	"suite": "unknown_suite", 
	"function_id": 23, 
	"function_name": "Katsuura", 
	"maximization": false, 
	"algorithm": {"name": "pop_size=10_mr=0.01_cr=0.7", "info": "Practical assignment of the EA course"},
	"attributes": ["evaluations", "raw_y"],
	"scenarios": [
		{"dimension": 10,
		"path": "data_f23_Katsuura/IOHprofiler_f23_DIM10.dat",
		"runs": [
			{"instance": 1, "evals": 50005, "best": {"evals": 10962, "y": 1.2107142846714911, "x": [0.5886399960037637, 0.6808869594244128, -0.02572074428119353, -3.342682744856351, 4.306747513170958, 4.80322764194629, -4.30988488203154, -5.278876224363966, 0.041094571236386684, -0.6052498974430396]}}
		]}
	]
}
