{
	"version": "0.3.18", 
	"suite": "unknown_suite", 
	"function_id": 23, 
	"function_name": "Katsuura", 
	"maximization": false, 
	"algorithm": {"name": "pop_size=10_mr=0.01_cr=0.5", "info": "Practical assignment of the EA course"},
	"attributes": ["evaluations", "raw_y"],
	"scenarios": [
		{"dimension": 10,
		"path": "data_f23_Katsuura/IOHprofiler_f23_DIM10.dat",
		"runs": [
			{"instance": 1, "evals": 50003, "best": {"evals": 31200, "y": 1.6367708962816891, "x": [-0.060911323757609714, 2.5301578230561756, 3.2564198449921813, 3.0164682790207054, 2.3308773689870765, 4.22237233822606, -5.042866900201668, 4.272794065055936, 0.14458795187664153, 0.8017144549414019]}}
		]}
	]
}
