{
	"version": "0.3.18", 
	"suite": "unknown_suite", 
	"function_id": 23, 
	"function_name": "Katsuura", 
	"maximization": false, 
	"algorithm": {"name": "pop_size=10_mr=0.05_cr=0.5", "info": "Practical assignment of the EA course"},
	"attributes": ["evaluations", "raw_y"],
	"scenarios": [
		{"dimension": 10,
		"path": "data_f23_Katsuura/IOHprofiler_f23_DIM10.dat",
		"runs": [
			{"instance": 1, "evals": 50003, "best": {"evals": 16043, "y": 1.0618297045542429, "x": [2.479122486104192, 5.216390504726999, 3.4687236296871378, 2.0611418216707253, 1.4179311073491103, -2.018984387205228, 1.6808214797689613, -0.6701198794938126, -0.6919783144246148, -2.257797893087573]}}
		]}
	]
}
