{
	"version": "0.3.18", 
	"suite": "unknown_suite", 
	"function_id": 23, 
	"function_name": "Katsuura", 
	"maximization": false, 
	"algorithm": {"name": "pop_size=10_mr=0.05_cr=0.9", "info": "Practical assignment of the EA course"},
	"attributes": ["evaluations", "raw_y"],
	"scenarios": [
		{"dimension": 10,
		"path": "data_f23_Katsuura/IOHprofiler_f23_DIM10.dat",
		"runs": [
			{"instance": 1, "evals": 50004, "best": {"evals": 10618, "y": 1.0647629527205007, "x": [4.399464900634614, 2.9786389688921253, -4.710917802803916, 4.709017686212308, -3.142347821096398, -0.7511041222753059, -0.4960433070603359, 0.7466058753419198, -3.3489710611872594, 0.2188537183333812]}}
		]}
	]
}
