{
	"version": "0.3.18", 
	"suite": "unknown_suite", 
	"function_id": 23, 
	"function_name": "Katsuura", 
	"maximization": false, 
	"algorithm": {"name": "pop_size=20_mr=0.01_cr=0.9", "info": "Practical assignment of the EA course"},
	"attributes": ["evaluations", "raw_y"],
	"scenarios": [
		{"dimension": 10,
		"path": "data_f23_Katsuura/IOHprofiler_f23_DIM10.dat",
		"runs": [
			{"instance": 1, "evals": 50001, "best": {"evals": 21659, "y": 1.5854497020529525, "x": [1.931192854110327, 3.1296496123608217, 2.1969505840679644, -4.286914890753688, -4.222517322404079, 5.516502763408825, 2.5943380495920967, -3.2475061043742524, 3.7970296172440836, 3.212274097305757]}}
		]}
	]
}
