{
	"version": "0.3.18", 
	"suite": "unknown_suite", 
	"function_id": 23, 
	"function_name": "Katsuura", 
	"maximization": false, 
	"algorithm": {"name": "pop_size=50_mr=0.01_cr=0.9", "info": "Practical assignment of the EA course"},
	"attributes": ["evaluations", "raw_y"],
	"scenarios": [
		{"dimension": 10,
		"path": "data_f23_Katsuura/IOHprofiler_f23_DIM10.dat",
		"runs": [
			{"instance": 1, "evals": 50045, "best": {"evals": 7082, "y": 1.3007748012722447, "x": [-1.7626394920064103, 3.37891925960889, 0.06790820537643166, 3.494163458377433, 2.606494927351971, -4.305404289483771, 0.03207591773310964, -3.9789962281737106, 4.075338250093722, -1.0238474426158564]}}
		]}
	]
}
