{
	"version": "0.3.18", 
	"suite": "unknown_suite", 
	"function_id": 23, 
	"function_name": "Katsuura", 
	"maximization": false, 
	"algorithm": {"name": "pop_size=50_mr=0.05_cr=0.7", "info": "Practical assignment of the EA course"},
	"attributes": ["evaluations", "raw_y"],
	"scenarios": [
		{"dimension": 10,
		"path": "data_f23_Katsuura/IOHprofiler_f23_DIM10.dat",
		"runs": [
			{"instance": 1, "evals": 50044, "best": {"evals": 45159, "y": 1.2629182975431403, "x": [-3.8157631547050728, 1.0438183681657005, -1.4522706555179754, -2.8984780846422353, 2.787734806051243, -1.2449204895589507, 2.9753681790265682, 2.5435790239683276, -1.234471457216327, -3.610637611548654]}}
		]}
	]
}
